-- phpMyAdmin SQL Dump
-- version 3.4.11.1deb2
-- http://www.phpmyadmin.net
--
-- Servidor: localhost
-- Tiempo de generación: 12-11-2014 a las 14:11:23
-- Versión del servidor: 5.5.37
-- Versión de PHP: 5.4.4-14+deb7u11

SET SQL_MODE="NO_AUTO_VALUE_ON_ZERO";
SET time_zone = "+00:00";


/*!40101 SET @OLD_CHARACTER_SET_CLIENT=@@CHARACTER_SET_CLIENT */;
/*!40101 SET @OLD_CHARACTER_SET_RESULTS=@@CHARACTER_SET_RESULTS */;
/*!40101 SET @OLD_COLLATION_CONNECTION=@@COLLATION_CONNECTION */;
/*!40101 SET NAMES utf8 */;

--
-- Base de datos: `vico`
--

-- --------------------------------------------------------

--
-- Estructura de tabla para la tabla `contiene`
--

CREATE TABLE IF NOT EXISTS `contiene` (
  `idlinea` varchar(100) NOT NULL,
  `idtramo` varchar(100) NOT NULL
) ENGINE=InnoDB DEFAULT CHARSET=latin1;

--
-- Volcado de datos para la tabla `contiene`
--

INSERT INTO `contiene` (`idlinea`, `idtramo`) VALUES
('1', '2'),
('1', '4'),
('1', '3'),
('2', '2'),
('2', '4'),
('2', '3');

-- --------------------------------------------------------

--
-- Estructura de tabla para la tabla `formado_por`
--

CREATE TABLE IF NOT EXISTS `formado_por` (
  `idpunto` varchar(100) NOT NULL,
  `idtramo` varchar(100) NOT NULL,
  `idparada` varchar(100) NOT NULL,
  `orden` varchar(100) NOT NULL
) ENGINE=InnoDB DEFAULT CHARSET=latin1;

--
-- Volcado de datos para la tabla `formado_por`
--

INSERT INTO `formado_por` (`idpunto`, `idtramo`, `idparada`, `orden`) VALUES
('0', '1', '2', '0'),
('1', '1', '2', '1'),
('2', '1', '2', '2'),
('3', '1', '2', '3'),
('4', '1', '2', '4'),
('5', '1', '2', '5'),
('6', '1', '2', '6'),
('7', '1', '3', '7'),
('8', '1', '3', '8'),
('9', '1', '3', '9'),
('10', '1', '3', '10'),
('11', '1', '3', '11'),
('12', '1', '3', '12'),
('13', '1', '3', '13'),
('14', '1', '3', '14'),
('15', '1', '3', '15'),
('16', '1', '3', '16'),
('17', '2', '5', '0'),
('18', '2', '5', '1'),
('19', '2', '6', '2'),
('20', '2', '6', '3'),
('21', '2', '6', '4'),
('22', '2', '6', '5'),
('23', '2', '6', '6'),
('24', '2', '6', '7'),
('25', '2', '6', '8'),
('26', '2', '6', '9'),
('27', '2', '6', '10'),
('28', '2', '6', '11'),
('29', '2', '7', '12'),
('30', '2', '7', '13'),
('31', '3', '9', '0'),
('32', '3', '9', '1'),
('33', '3', '10', '2'),
('34', '3', '10', '3'),
('35', '4', '11', '0'),
('36', '4', '11', '1'),
('37', '4', '11', '2'),
('38', '4', '11', '3'),
('39', '4', '11', '4'),
('40', '4', '12', '5'),
('41', '4', '12', '6'),
('42', '4', '12', '7'),
('43', '4', '12', '8'),
('44', '4', '12', '9'),
('45', '4', '13', '10'),
('46', '4', '13', '11'),
('47', '4', '8', '12'),
('48', '4', '8', '13'),
('49', '5', '15', '0'),
('50', '5', '15', '1'),
('51', '5', '15', '2'),
('52', '5', '15', '3'),
('53', '5', '15', '4'),
('54', '5', '15', '5'),
('55', '5', '16', '6'),
('56', '5', '16', '7'),
('57', '5', '16', '8'),
('58', '5', '16', '9'),
('59', '5', '16', '10'),
('60', '5', '16', '11'),
('61', '5', '16', '12'),
('62', '5', '16', '13'),
('63', '5', '17', '14'),
('64', '5', '17', '15'),
('65', '5', '17', '16'),
('66', '5', '17', '17'),
('67', '5', '17', '18'),
('68', '5', '17', '19'),
('69', '5', '17', '20'),
('70', '5', '18', '21'),
('71', '5', '18', '22'),
('72', '5', '19', '23'),
('73', '5', '19', '24'),
('74', '5', '19', '25'),
('75', '5', '19', '26'),
('76', '5', '20', '27'),
('77', '5', '20', '28'),
('78', '5', '20', '29'),
('79', '5', '20', '30'),
('80', '5', '20', '31'),
('81', '5', '20', '32'),
('82', '5', '20', '33'),
('83', '5', '20', '34'),
('84', '5', '20', '35'),
('85', '5', '21', '36'),
('86', '5', '21', '37'),
('87', '5', '21', '38'),
('88', '5', '21', '39');

-- --------------------------------------------------------

--
-- Estructura de tabla para la tabla `linea`
--

CREATE TABLE IF NOT EXISTS `linea` (
  `idlinea` varchar(100) NOT NULL,
  `nombre` varchar(50) NOT NULL,
  `tipo_transporte` varchar(20) NOT NULL,
  `idsindicato` varchar(20) NOT NULL,
  PRIMARY KEY (`idlinea`)
) ENGINE=InnoDB DEFAULT CHARSET=latin1;

--
-- Volcado de datos para la tabla `linea`
--

INSERT INTO `linea` (`idlinea`, `nombre`, `tipo_transporte`, `idsindicato`) VALUES
('1', 'Ruta Correcta', 'Minibus', '1'),
('2', '345', 'Bus', '1');

-- --------------------------------------------------------

--
-- Estructura de tabla para la tabla `parada`
--

CREATE TABLE IF NOT EXISTS `parada` (
  `idparada` varchar(100) NOT NULL,
  `latitud` double NOT NULL,
  `longitud` double NOT NULL
) ENGINE=InnoDB DEFAULT CHARSET=latin1;

--
-- Volcado de datos para la tabla `parada`
--

INSERT INTO `parada` (`idparada`, `latitud`, `longitud`) VALUES
('1', -16.49667320293741, -68.14701696679549),
('2', -16.497413879678913, -68.14641615197615),
('3', -16.496097119066917, -68.14607282922225),
('4', -16.487194692726366, -68.12161992231268),
('5', -16.485116566069212, -68.12172721067327),
('6', -16.48310014462464, -68.12188814321416),
('7', -16.48233883687611, -68.1219310585584),
('8', -16.48185856148558, -68.11943565916408),
('9', -16.480690871776183, -68.11922644694278),
('10', -16.479147658402457, -68.11892067495137),
('11', -16.482318261271917, -68.12070797124761),
('12', -16.48187587850287, -68.1206328693952),
('13', -16.481845014551034, -68.11995695272344),
('14', -16.499886522402722, -68.15023372791984),
('15', -16.500256854976328, -68.14958999775627),
('16', -16.500843213434447, -68.14852784298637),
('17', -16.500277428987406, -68.14592073582389),
('18', -16.50118268330824, -68.14625332974174),
('19', -16.501100387635983, -68.14539502285697),
('20', -16.500236280923822, -68.1448156656279),
('21', -16.50057575186286, -68.14358184948105);

-- --------------------------------------------------------

--
-- Estructura de tabla para la tabla `punto`
--

CREATE TABLE IF NOT EXISTS `punto` (
  `idpunto` varchar(100) NOT NULL,
  `latitud` double NOT NULL,
  `longitud` double NOT NULL
) ENGINE=InnoDB DEFAULT CHARSET=latin1;

--
-- Volcado de datos para la tabla `punto`
--

INSERT INTO `punto` (`idpunto`, `latitud`, `longitud`) VALUES
('0', -16.49667, -68.14702000000001),
('1', -16.496640000000003, -68.14694),
('2', -16.49687, -68.14684000000001),
('3', -16.49705, -68.14675000000001),
('4', -16.497220000000002, -68.14658),
('5', -16.49736, -68.14641),
('6', -16.49737, -68.14639000000001),
('7', -16.49737, -68.14639000000001),
('8', -16.497490000000003, -68.14620000000001),
('9', -16.49752, -68.14607000000001),
('10', -16.49752, -68.14596),
('11', -16.49745, -68.14584),
('12', -16.49734, -68.14578),
('13', -16.497040000000002, -68.14579),
('14', -16.4968, -68.14584),
('15', -16.496370000000002, -68.146),
('16', -16.496100000000002, -68.14608000000001),
('17', -16.487190000000002, -68.12161),
('18', -16.485120000000002, -68.12171000000001),
('19', -16.485120000000002, -68.12171000000001),
('20', -16.48505, -68.12171000000001),
('21', -16.485030000000002, -68.12105000000001),
('22', -16.48385, -68.12111),
('23', -16.48357, -68.12118000000001),
('24', -16.483410000000003, -68.12129),
('25', -16.48327, -68.12146),
('26', -16.48319, -68.12163000000001),
('27', -16.483130000000003, -68.12190000000001),
('28', -16.4831, -68.12190000000001),
('29', -16.4831, -68.12190000000001),
('30', -16.48234, -68.12193),
('31', -16.48185, -68.11944000000001),
('32', -16.480690000000003, -68.11921000000001),
('33', -16.480690000000003, -68.11921000000001),
('34', -16.47915, -68.11889000000001),
('35', -16.48234, -68.12193),
('36', -16.482310000000002, -68.12193),
('37', -16.482290000000003, -68.12177000000001),
('38', -16.482300000000002, -68.12088),
('39', -16.482290000000003, -68.12071),
('40', -16.482290000000003, -68.12071),
('41', -16.482290000000003, -68.12065000000001),
('42', -16.48224, -68.12065000000001),
('43', -16.48188, -68.12061),
('44', -16.48188, -68.12063),
('45', -16.48188, -68.12063),
('46', -16.48185, -68.11996),
('47', -16.48185, -68.11996),
('48', -16.48185, -68.11944000000001),
('49', -16.499850000000002, -68.15023000000001),
('50', -16.499840000000003, -68.14987),
('51', -16.49988, -68.14979000000001),
('52', -16.500040000000002, -68.14968),
('53', -16.500220000000002, -68.14954),
('54', -16.50027, -68.14957000000001),
('55', -16.50027, -68.14957000000001),
('56', -16.500220000000002, -68.14954),
('57', -16.50034, -68.14931),
('58', -16.50044, -68.14918),
('59', -16.500590000000003, -68.14904),
('60', -16.500690000000002, -68.14890000000001),
('61', -16.500790000000002, -68.14874),
('62', -16.50082, -68.14852),
('63', -16.50082, -68.14852),
('64', -16.50046, -68.14768000000001),
('65', -16.50037, -68.14753),
('66', -16.500310000000002, -68.14731),
('67', -16.50024, -68.14672),
('68', -16.50024, -68.14591),
('69', -16.50028, -68.14592),
('70', -16.50028, -68.14592),
('71', -16.50119, -68.14627),
('72', -16.50119, -68.14627),
('73', -16.501070000000002, -68.1457),
('74', -16.50102, -68.14541000000001),
('75', -16.5011, -68.14543),
('76', -16.50112, -68.14539),
('77', -16.50108, -68.14505000000001),
('78', -16.500970000000002, -68.1447),
('79', -16.50091, -68.14461),
('80', -16.50084, -68.14462),
('81', -16.500510000000002, -68.14483),
('82', -16.500400000000003, -68.14489),
('83', -16.500310000000002, -68.14487000000001),
('84', -16.50026, -68.1448),
('85', -16.500210000000003, -68.1448),
('86', -16.50036, -68.14424000000001),
('87', -16.50045, -68.14389),
('88', -16.50056, -68.14358);

-- --------------------------------------------------------

--
-- Estructura de tabla para la tabla `sindicato`
--

CREATE TABLE IF NOT EXISTS `sindicato` (
  `idsindicato` varchar(100) NOT NULL,
  `nombre` varchar(100) NOT NULL,
  `direccion` varchar(100) NOT NULL,
  `telefono` varchar(100) NOT NULL
) ENGINE=InnoDB DEFAULT CHARSET=latin1;

--
-- Volcado de datos para la tabla `sindicato`
--

INSERT INTO `sindicato` (`idsindicato`, `nombre`, `direccion`, `telefono`) VALUES
('1', 'Sindicato 1', 'Alla donde la cerveza llega sin espuma', '123LLAMEYA');

-- --------------------------------------------------------

--
-- Estructura de tabla para la tabla `tiene`
--

CREATE TABLE IF NOT EXISTS `tiene` (
  `idtramo` varchar(100) NOT NULL,
  `idparada` varchar(100) NOT NULL,
  `tiempo` double NOT NULL,
  `tipo` varchar(100) NOT NULL,
  `trazo` varchar(100) NOT NULL
) ENGINE=InnoDB DEFAULT CHARSET=latin1;

--
-- Volcado de datos para la tabla `tiene`
--

INSERT INTO `tiene` (`idtramo`, `idparada`, `tiempo`, `tipo`, `trazo`) VALUES
('1', '1', 0, '', 'ruta'),
('1', '2', 0.35, '', 'ruta'),
('1', '3', 0.95, '', 'ruta'),
('2', '4', 0, '', 'ruta'),
('2', '5', 0.2833333333333333, '', 'ruta'),
('2', '6', 1.9333333333333333, '', 'ruta'),
('2', '7', 2.033333333333333, '', 'ruta'),
('3', '8', 0, '', 'ruta'),
('3', '9', 0.2833333333333333, '', 'ruta'),
('3', '10', 0.6333333333333333, '', 'ruta'),
('4', '7', 0, '', 'ruta'),
('4', '11', 0.36666666666666664, '', 'ruta'),
('4', '12', 0.75, '', 'ruta'),
('4', '13', 1.0166666666666666, '', 'ruta'),
('4', '8', 1.25, '', 'ruta'),
('5', '14', 0, '', 'ruta'),
('5', '15', 0.4166666666666667, '', 'ruta'),
('5', '16', 0.85, '', 'ruta'),
('5', '17', 1.6666666666666667, '', 'ruta'),
('5', '18', 2.0166666666666666, '', 'ruta'),
('5', '19', 2.716666666666667, '', 'ruta'),
('5', '20', 3.0833333333333335, '', 'ruta'),
('5', '21', 3.433333333333333, '', 'ruta');

-- --------------------------------------------------------

--
-- Estructura de tabla para la tabla `tramo`
--

CREATE TABLE IF NOT EXISTS `tramo` (
  `idtramo` varchar(100) NOT NULL,
  `referencia` varchar(100) NOT NULL,
  PRIMARY KEY (`idtramo`)
) ENGINE=InnoDB DEFAULT CHARSET=latin1;

--
-- Volcado de datos para la tabla `tramo`
--

INSERT INTO `tramo` (`idtramo`, `referencia`) VALUES
('1', ''),
('2', 'Bush - Unduavi'),
('3', 'rurenabaque - Puente Villa'),
('4', ''),
('5', 'Al azar - Final Al azar 2');

/*!40101 SET CHARACTER_SET_CLIENT=@OLD_CHARACTER_SET_CLIENT */;
/*!40101 SET CHARACTER_SET_RESULTS=@OLD_CHARACTER_SET_RESULTS */;
/*!40101 SET COLLATION_CONNECTION=@OLD_COLLATION_CONNECTION */;
