drop database IF EXISTS vico;

CREATE DATABASE  IF NOT EXISTS `vico`;

USE `vico`;

-- phpMyAdmin SQL Dump
-- version 3.4.11.1deb2
-- http://www.phpmyadmin.net
--
-- Servidor: localhost
-- Tiempo de generación: 15-11-2014 a las 14:50:07
-- Versión del servidor: 5.5.37
-- Versión de PHP: 5.4.4-14+deb7u11

SET SQL_MODE="NO_AUTO_VALUE_ON_ZERO";
SET time_zone = "+00:00";


/*!40101 SET @OLD_CHARACTER_SET_CLIENT=@@CHARACTER_SET_CLIENT */;
/*!40101 SET @OLD_CHARACTER_SET_RESULTS=@@CHARACTER_SET_RESULTS */;
/*!40101 SET @OLD_COLLATION_CONNECTION=@@COLLATION_CONNECTION */;
/*!40101 SET NAMES utf8 */;

--
-- Base de datos: `vico`
--

-- --------------------------------------------------------

--
-- Estructura de tabla para la tabla `contiene`
--

CREATE TABLE IF NOT EXISTS `contiene` (
  `idlinea` varchar(100) NOT NULL,
  `idtramo` varchar(100) NOT NULL,
  `orden` int(11) NOT NULL
) ENGINE=InnoDB DEFAULT CHARSET=latin1;

-- --------------------------------------------------------

--
-- Estructura de tabla para la tabla `formado_por`
--

CREATE TABLE IF NOT EXISTS `formado_por` (
  `idpunto` varchar(100) NOT NULL,
  `idtramo` varchar(100) NOT NULL,
  `idparada` varchar(100) NOT NULL,
  `orden` varchar(100) NOT NULL
) ENGINE=InnoDB DEFAULT CHARSET=latin1;

--
-- Volcado de datos para la tabla `formado_por`
--

INSERT INTO `formado_por` (`idpunto`, `idtramo`, `idparada`, `orden`) VALUES
('0', '1', '2', '0'),
('1', '1', '2', '1'),
('2', '1', '3', '2'),
('3', '1', '3', '3'),
('4', '1', '4', '4'),
('5', '1', '4', '5'),
('6', '1', '4', '6'),
('7', '1', '4', '7'),
('8', '1', '4', '8'),
('9', '1', '4', '9'),
('10', '1', '4', '10'),
('11', '1', '4', '11'),
('12', '1', '4', '12'),
('13', '1', '5', '13'),
('14', '1', '5', '14'),
('15', '1', '5', '15'),
('16', '1', '6', '16'),
('17', '1', '6', '17'),
('18', '1', '6', '18'),
('19', '1', '6', '19'),
('20', '1', '6', '20'),
('21', '1', '7', '21'),
('22', '1', '7', '22'),
('23', '1', '8', '23'),
('24', '1', '8', '24'),
('25', '1', '8', '25'),
('26', '1', '8', '26'),
('27', '1', '9', '27'),
('28', '1', '9', '28'),
('29', '1', '9', '29'),
('30', '1', '9', '30'),
('31', '2', '10', '0'),
('32', '2', '10', '1'),
('33', '2', '10', '2'),
('34', '2', '10', '3'),
('35', '2', '10', '4'),
('36', '2', '11', '5'),
('37', '2', '11', '6'),
('38', '2', '11', '7'),
('39', '2', '11', '8'),
('40', '2', '12', '9'),
('41', '2', '12', '10'),
('42', '2', '12', '11'),
('43', '2', '12', '12'),
('44', '2', '13', '13'),
('45', '2', '13', '14'),
('46', '2', '13', '15'),
('47', '2', '13', '16'),
('48', '2', '13', '17'),
('49', '2', '13', '18'),
('50', '2', '13', '19'),
('51', '2', '13', '20'),
('52', '3', '14', '0'),
('53', '3', '14', '1'),
('54', '3', '15', '2'),
('55', '3', '15', '3'),
('56', '3', '15', '4'),
('57', '3', '16', '5'),
('58', '3', '16', '6'),
('59', '3', '16', '7'),
('60', '3', '16', '8'),
('61', '3', '16', '9'),
('62', '3', '16', '10'),
('63', '3', '17', '11'),
('64', '3', '17', '12'),
('65', '3', '17', '13'),
('66', '3', '18', '14'),
('67', '3', '18', '15'),
('68', '3', '18', '16'),
('69', '4', '20', '0'),
('70', '4', '20', '1'),
('71', '4', '21', '2'),
('72', '4', '21', '3'),
('73', '4', '22', '4'),
('74', '4', '22', '5'),
('75', '4', '23', '6'),
('76', '4', '23', '7'),
('77', '4', '23', '8'),
('78', '4', '24', '9'),
('79', '4', '24', '10'),
('80', '4', '25', '11'),
('81', '4', '25', '12'),
('82', '4', '25', '13'),
('83', '5', '27', '0'),
('84', '5', '27', '1'),
('85', '5', '27', '2'),
('86', '5', '27', '3'),
('87', '5', '27', '4'),
('88', '5', '27', '5'),
('89', '5', '27', '6'),
('90', '5', '22', '7'),
('91', '5', '22', '8'),
('92', '5', '22', '9'),
('93', '5', '22', '10'),
('94', '5', '24', '11'),
('95', '5', '24', '12'),
('96', '5', '24', '13'),
('97', '5', '24', '14'),
('98', '5', '28', '15'),
('99', '5', '28', '16'),
('100', '5', '28', '17'),
('101', '5', '28', '18'),
('102', '6', '30', '0'),
('103', '6', '30', '1'),
('104', '6', '30', '2'),
('105', '6', '31', '3'),
('106', '6', '31', '4'),
('107', '6', '32', '5'),
('108', '6', '32', '6'),
('109', '6', '33', '7'),
('110', '6', '33', '8'),
('111', '7', '34', '0'),
('112', '7', '34', '1'),
('113', '7', '34', '2'),
('114', '7', '34', '3'),
('115', '7', '34', '4'),
('116', '7', '34', '5'),
('117', '7', '34', '6'),
('118', '7', '35', '7'),
('119', '7', '35', '8'),
('120', '7', '35', '9'),
('121', '7', '35', '10'),
('122', '7', '35', '11'),
('123', '7', '35', '12'),
('124', '7', '35', '13'),
('125', '7', '35', '14'),
('126', '7', '36', '15'),
('127', '7', '36', '16'),
('128', '7', '37', '17'),
('129', '7', '37', '18'),
('130', '7', '37', '19'),
('131', '7', '37', '20'),
('132', '7', '37', '21'),
('133', '7', '37', '22'),
('134', '7', '37', '23'),
('135', '7', '37', '24'),
('136', '7', '37', '25'),
('137', '7', '38', '26'),
('138', '7', '38', '27'),
('139', '7', '39', '28'),
('140', '7', '39', '29'),
('141', '10', '42', '0'),
('142', '10', '42', '1'),
('143', '10', '42', '2'),
('144', '10', '42', '3'),
('145', '10', '42', '4'),
('146', '10', '42', '5'),
('147', '10', '42', '6'),
('148', '10', '43', '7'),
('149', '10', '43', '8'),
('150', '10', '43', '9'),
('151', '10', '43', '10'),
('152', '10', '43', '11'),
('153', '10', '43', '12'),
('154', '10', '43', '13'),
('155', '10', '43', '14'),
('156', '10', '43', '15'),
('157', '10', '43', '16'),
('158', '10', '44', '17'),
('159', '10', '44', '18'),
('160', '10', '44', '19'),
('161', '10', '44', '20'),
('162', '10', '44', '21'),
('163', '10', '44', '22'),
('164', '10', '44', '23'),
('165', '10', '44', '24'),
('166', '10', '44', '25'),
('167', '10', '44', '26'),
('168', '10', '44', '27'),
('169', '10', '44', '28'),
('170', '10', '44', '29'),
('171', '10', '44', '30'),
('172', '10', '44', '31'),
('173', '10', '44', '32'),
('174', '10', '45', '33'),
('175', '10', '45', '34'),
('176', '10', '45', '35'),
('177', '10', '45', '36'),
('178', '10', '45', '37'),
('179', '10', '45', '38'),
('180', '10', '45', '39'),
('181', '10', '46', '40'),
('182', '10', '46', '41'),
('183', '10', '46', '42'),
('184', '10', '46', '43');

-- --------------------------------------------------------

--
-- Estructura de tabla para la tabla `linea`
--

CREATE TABLE IF NOT EXISTS `linea` (
  `idlinea` varchar(100) NOT NULL,
  `nombre` varchar(50) NOT NULL,
  `tipo_transporte` varchar(20) NOT NULL,
  `idsindicato` varchar(20) NOT NULL,
  PRIMARY KEY (`idlinea`)
) ENGINE=InnoDB DEFAULT CHARSET=latin1;

-- --------------------------------------------------------

--
-- Estructura de tabla para la tabla `parada`
--

CREATE TABLE IF NOT EXISTS `parada` (
  `idparada` varchar(100) NOT NULL,
  `latitud` double NOT NULL,
  `longitud` double NOT NULL
) ENGINE=InnoDB DEFAULT CHARSET=latin1;

--
-- Volcado de datos para la tabla `parada`
--

INSERT INTO `parada` (`idparada`, `latitud`, `longitud`) VALUES
('1', -16.488236871845928, -68.12155120052921),
('2', -16.487259543091792, -68.12157265820133),
('3', -16.485129978086434, -68.12174431957828),
('4', -16.483154707818738, -68.12169067539793),
('5', -16.482372824686298, -68.12191598095524),
('6', -16.482321385523782, -68.12067143597233),
('7', -16.481848138810548, -68.12059633411991),
('8', -16.48132345088526, -68.11977021374332),
('9', -16.480644440871743, -68.11931960262882),
('10', -16.4872753137088, -68.12233250588179),
('11', -16.485186900110108, -68.12253635376692),
('12', -16.485125173257003, -68.12328737229103),
('13', -16.485444095119416, -68.12381576746697),
('14', -16.488215590785877, -68.12115987762809),
('15', -16.48865281525804, -68.12086483463645),
('16', -16.48903345693552, -68.12139054760337),
('17', -16.489074607342303, -68.12223812565207),
('18', -16.489496398507455, -68.12232932075858),
('19', -16.494672025961588, -68.12370579689741),
('20', -16.493211223413194, -68.12359850853682),
('21', -16.492007596125767, -68.12360923737288),
('22', -16.49107143639339, -68.12361996620893),
('23', -16.491009711416737, -68.12315862625837),
('24', -16.490999423918716, -68.12272947281599),
('25', -16.490989136420144, -68.12228959053755),
('26', -16.49217629407127, -68.12499543651938),
('27', -16.49102409783883, -68.12412640079856),
('28', -16.489769019137366, -68.12270483002067),
('29', -16.496091668575602, -68.13523929566145),
('30', -16.4968426347314, -68.13404839485884),
('31', -16.497459865005666, -68.13296478241682),
('32', -16.498529726149414, -68.13124816864729),
('33', -16.49903379329154, -68.1303147599101),
('34', -16.49945556274807, -68.1284586712718),
('35', -16.49950699798474, -68.12653820961714),
('36', -16.49951728503042, -68.12461774796247),
('37', -16.500803161433502, -68.1234697625041),
('38', -16.501626117845156, -68.12286894768476),
('39', -16.502346201832864, -68.12248270958662),
('40', -16.497389944487566, -68.13421569764614),
('41', -16.50282968529163, -68.12220375984907),
('42', -16.49945556274807, -68.12888782471418),
('43', -16.499476136844375, -68.12601249665022),
('44', -16.50047397788841, -68.12274020165205),
('45', -16.50130722265119, -68.1211630627513),
('46', -16.50282968529163, -68.12096994370222);

-- --------------------------------------------------------

--
-- Estructura de tabla para la tabla `punto`
--

CREATE TABLE IF NOT EXISTS `punto` (
  `idpunto` varchar(100) NOT NULL,
  `latitud` double NOT NULL,
  `longitud` double NOT NULL
) ENGINE=InnoDB DEFAULT CHARSET=latin1;

--
-- Volcado de datos para la tabla `punto`
--

INSERT INTO `punto` (`idpunto`, `latitud`, `longitud`) VALUES
('0', -16.488210000000002, -68.12156),
('1', -16.487260000000003, -68.1216),
('2', -16.48723, -68.1216),
('3', -16.48513, -68.1217),
('4', -16.48513, -68.1217),
('5', -16.48505, -68.12171000000001),
('6', -16.485030000000002, -68.12105000000001),
('7', -16.48385, -68.12111),
('8', -16.48357, -68.12118000000001),
('9', -16.483410000000003, -68.12129),
('10', -16.48327, -68.12146),
('11', -16.48319, -68.12163000000001),
('12', -16.48317, -68.1217),
('13', -16.48317, -68.1217),
('14', -16.483130000000003, -68.12190000000001),
('15', -16.482370000000003, -68.12193),
('16', -16.482370000000003, -68.12193),
('17', -16.482310000000002, -68.12193),
('18', -16.482290000000003, -68.12177000000001),
('19', -16.482300000000002, -68.12088),
('20', -16.482290000000003, -68.12067),
('21', -16.482290000000003, -68.12065000000001),
('22', -16.48185, -68.12061),
('23', -16.48185, -68.12061),
('24', -16.48143, -68.12058),
('25', -16.4813, -68.12062),
('26', -16.4813, -68.11980000000001),
('27', -16.4813, -68.11977),
('28', -16.48129, -68.11934000000001),
('29', -16.480690000000003, -68.11921000000001),
('30', -16.48063, -68.11931),
('31', -16.488210000000002, -68.12156),
('32', -16.488210000000002, -68.1217),
('33', -16.48807, -68.12238),
('34', -16.48724, -68.12244000000001),
('35', -16.48724, -68.12233),
('36', -16.48724, -68.12233),
('37', -16.48723, -68.12244000000001),
('38', -16.48527, -68.12256000000001),
('39', -16.485190000000003, -68.12257000000001),
('40', -16.485190000000003, -68.12257000000001),
('41', -16.48509, -68.12257000000001),
('42', -16.48514, -68.12301000000001),
('43', -16.48513, -68.12329000000001),
('44', -16.48513, -68.12329000000001),
('45', -16.48513, -68.12354),
('46', -16.48466, -68.12336),
('47', -16.48433, -68.12325),
('48', -16.484160000000003, -68.12322),
('49', -16.484720000000003, -68.12347000000001),
('50', -16.48526, -68.12367),
('51', -16.48546, -68.1238),
('52', -16.488210000000002, -68.12156),
('53', -16.488220000000002, -68.12116),
('54', -16.488220000000002, -68.12116),
('55', -16.488220000000002, -68.12087000000001),
('56', -16.48865, -68.12087000000001),
('57', -16.48865, -68.12087000000001),
('58', -16.488860000000003, -68.12089),
('59', -16.48898, -68.12098),
('60', -16.48902, -68.12106),
('61', -16.48903, -68.12133),
('62', -16.48903, -68.12139),
('63', -16.48903, -68.12139),
('64', -16.48902, -68.12166),
('65', -16.489060000000002, -68.12224),
('66', -16.489060000000002, -68.12224),
('67', -16.48907, -68.12235000000001),
('68', -16.4895, -68.12233),
('69', -16.494670000000003, -68.12372),
('70', -16.49321, -68.12359000000001),
('71', -16.49321, -68.12359000000001),
('72', -16.49201, -68.12362),
('73', -16.49201, -68.12362),
('74', -16.49106, -68.12364000000001),
('75', -16.49106, -68.12364000000001),
('76', -16.49106, -68.12338000000001),
('77', -16.491030000000002, -68.12317),
('78', -16.491030000000002, -68.12317),
('79', -16.49097, -68.12273),
('80', -16.49097, -68.12273),
('81', -16.490940000000002, -68.12226000000001),
('82', -16.49099, -68.12226000000001),
('83', -16.49218, -68.12499000000001),
('84', -16.49212, -68.12491),
('85', -16.49181, -68.12466),
('86', -16.491110000000003, -68.12425),
('87', -16.49106, -68.12422000000001),
('88', -16.491020000000002, -68.12415),
('89', -16.491010000000003, -68.12413000000001),
('90', -16.491010000000003, -68.12413000000001),
('91', -16.491020000000002, -68.12384),
('92', -16.49104, -68.12369000000001),
('93', -16.49106, -68.12364000000001),
('94', -16.49106, -68.12364000000001),
('95', -16.49106, -68.12338000000001),
('96', -16.491030000000002, -68.12317),
('97', -16.49097, -68.12273),
('98', -16.49097, -68.12273),
('99', -16.49096, -68.12268),
('100', -16.49077, -68.12270000000001),
('101', -16.48977, -68.12272),
('102', -16.496070000000003, -68.13523),
('103', -16.496450000000003, -68.13458),
('104', -16.496830000000003, -68.13404),
('105', -16.496830000000003, -68.13404),
('106', -16.49747, -68.13297),
('107', -16.49747, -68.13297),
('108', -16.498510000000003, -68.13124),
('109', -16.498510000000003, -68.13124),
('110', -16.49904, -68.13032000000001),
('111', -16.49904, -68.13032000000001),
('112', -16.499170000000003, -68.13013000000001),
('113', -16.49935, -68.12974000000001),
('114', -16.49943, -68.12949),
('115', -16.499460000000003, -68.12939),
('116', -16.499450000000003, -68.12918),
('117', -16.49942, -68.12846),
('118', -16.49942, -68.12846),
('119', -16.499390000000002, -68.12796),
('120', -16.49935, -68.12785000000001),
('121', -16.4993, -68.12773),
('122', -16.49933, -68.12737),
('123', -16.49935, -68.12711),
('124', -16.49942, -68.12673000000001),
('125', -16.499470000000002, -68.12656000000001),
('126', -16.499470000000002, -68.12654),
('127', -16.49949, -68.12462000000001),
('128', -16.49949, -68.12462000000001),
('129', -16.4995, -68.12456),
('130', -16.49952, -68.12456),
('131', -16.499570000000002, -68.12455),
('132', -16.49968, -68.12450000000001),
('133', -16.499760000000002, -68.12441000000001),
('134', -16.4998, -68.12431000000001),
('135', -16.500140000000002, -68.12387000000001),
('136', -16.500780000000002, -68.12344),
('137', -16.500780000000002, -68.12344),
('138', -16.501630000000002, -68.12288000000001),
('139', -16.501630000000002, -68.12288000000001),
('140', -16.50234, -68.12247),
('141', -16.49904, -68.13032000000001),
('142', -16.499170000000003, -68.13013000000001),
('143', -16.49935, -68.12974000000001),
('144', -16.49943, -68.12949),
('145', -16.499460000000003, -68.12939),
('146', -16.499450000000003, -68.12918),
('147', -16.499450000000003, -68.12889000000001),
('148', -16.499450000000003, -68.12889000000001),
('149', -16.499390000000002, -68.12796),
('150', -16.49935, -68.12785000000001),
('151', -16.4993, -68.12773),
('152', -16.49933, -68.12737),
('153', -16.49935, -68.12711),
('154', -16.49942, -68.12673000000001),
('155', -16.499470000000002, -68.12656000000001),
('156', -16.499470000000002, -68.1263),
('157', -16.499470000000002, -68.12601000000001),
('158', -16.499470000000002, -68.12601000000001),
('159', -16.4995, -68.12456),
('160', -16.49952, -68.12456),
('161', -16.499570000000002, -68.12455),
('162', -16.49968, -68.12450000000001),
('163', -16.499760000000002, -68.12441000000001),
('164', -16.4998, -68.12431000000001),
('165', -16.49982, -68.12422000000001),
('166', -16.49981, -68.12411),
('167', -16.499740000000003, -68.12399),
('168', -16.49972, -68.12395000000001),
('169', -16.49988, -68.12367),
('170', -16.50017, -68.12333000000001),
('171', -16.50036, -68.12310000000001),
('172', -16.50044, -68.12287),
('173', -16.50046, -68.12274000000001),
('174', -16.50046, -68.12274000000001),
('175', -16.50045, -68.12258),
('176', -16.500390000000003, -68.12235000000001),
('177', -16.50028, -68.12209),
('178', -16.500410000000002, -68.12196),
('179', -16.50063, -68.12180000000001),
('180', -16.5013, -68.12115),
('181', -16.5013, -68.12115),
('182', -16.50141, -68.12104000000001),
('183', -16.50261, -68.12099),
('184', -16.502830000000003, -68.12098);

-- --------------------------------------------------------

--
-- Estructura de tabla para la tabla `sindicato`
--

CREATE TABLE IF NOT EXISTS `sindicato` (
  `idsindicato` varchar(100) NOT NULL,
  `nombre` varchar(100) NOT NULL,
  `direccion` varchar(100) NOT NULL,
  `telefono` varchar(100) NOT NULL
) ENGINE=InnoDB DEFAULT CHARSET=latin1;

--
-- Volcado de datos para la tabla `sindicato`
--

INSERT INTO `sindicato` (`idsindicato`, `nombre`, `direccion`, `telefono`) VALUES
('1', 'Sindicato 1', 'Alla donde la cerveza llega sin espuma', '1212341234');

-- --------------------------------------------------------

--
-- Estructura de tabla para la tabla `tiene`
--

CREATE TABLE IF NOT EXISTS `tiene` (
  `idtramo` varchar(100) NOT NULL,
  `idparada` varchar(100) NOT NULL,
  `tiempo` double NOT NULL,
  `tipo` varchar(100) NOT NULL,
  `trazo` varchar(100) NOT NULL,
  `orden` int(11) NOT NULL
) ENGINE=InnoDB DEFAULT CHARSET=latin1;

--
-- Volcado de datos para la tabla `tiene`
--

INSERT INTO `tiene` (`idtramo`, `idparada`, `tiempo`, `tipo`, `trazo`, `orden`) VALUES
('1', '1', 0, '', 'ruta', 0),
('1', '2', 0.13333333333333333, '', 'ruta', 1),
('1', '3', 0.4166666666666667, '', 'ruta', 2),
('1', '4', 1.95, '', 'ruta', 3),
('1', '5', 2.183333333333333, '', 'ruta', 4),
('1', '6', 2.566666666666667, '', 'ruta', 5),
('1', '7', 2.8, '', 'ruta', 6),
('1', '8', 3.2333333333333334, '', 'ruta', 7),
('1', '9', 3.75, '', 'ruta', 8),
('2', '1', 0, '', 'ruta', 0),
('2', '10', 1.55, '', 'ruta', 1),
('2', '11', 2.1666666666666665, '', 'ruta', 2),
('2', '12', 3.55, '', 'ruta', 3),
('2', '13', 5.4, '', 'ruta', 4),
('3', '1', 0, '', 'ruta', 0),
('3', '14', 0.08333333333333333, '', 'ruta', 1),
('3', '15', 0.38333333333333336, '', 'ruta', 2),
('3', '16', 0.55, '', 'ruta', 3),
('3', '17', 2.65, '', 'ruta', 4),
('3', '18', 2.9, '', 'ruta', 5),
('4', '19', 0, '', 'ruta', 0),
('4', '20', 0.3333333333333333, '', 'ruta', 1),
('4', '21', 0.7333333333333333, '', 'ruta', 2),
('4', '22', 1.0666666666666667, '', 'ruta', 3),
('4', '23', 1.1666666666666667, '', 'ruta', 4),
('4', '24', 1.2666666666666666, '', 'ruta', 5),
('4', '25', 1.55, '', 'ruta', 6),
('5', '26', 0, '', 'ruta', 0),
('5', '27', 0.38333333333333336, '', 'ruta', 1),
('5', '22', 0.6166666666666667, '', 'ruta', 2),
('5', '24', 0.9333333333333333, '', 'ruta', 3),
('5', '28', 1.35, '', 'ruta', 4),
('6', '29', 0, '', 'ruta', 0),
('6', '30', 0.8833333333333333, '', 'ruta', 1),
('6', '31', 1.9166666666666667, '', 'ruta', 2),
('6', '32', 2.716666666666667, '', 'ruta', 3),
('6', '33', 2.95, '', 'ruta', 4),
('7', '33', 0, '', 'ruta', 0),
('7', '34', 0.4166666666666667, '', 'ruta', 1),
('7', '35', 0.8333333333333334, '', 'ruta', 2),
('7', '36', 1.25, '', 'ruta', 3),
('7', '37', 1.9666666666666666, '', 'ruta', 4),
('7', '38', 2.316666666666667, '', 'ruta', 5),
('7', '39', 2.466666666666667, '', 'ruta', 6),
('8', '40', 0, '', 'ruta', 0),
('9', '41', 0, '', 'ruta', 0),
('10', '33', 0, '', 'ruta', 0),
('10', '42', 0.3333333333333333, '', 'ruta', 1),
('10', '43', 0.9666666666666667, '', 'ruta', 2),
('10', '44', 2.216666666666667, '', 'ruta', 3),
('10', '45', 2.716666666666667, '', 'ruta', 4),
('10', '46', 4.016666666666667, '', 'ruta', 5);

-- --------------------------------------------------------

--
-- Estructura de tabla para la tabla `tramo`
--

CREATE TABLE IF NOT EXISTS `tramo` (
  `idtramo` varchar(100) NOT NULL,
  `referencia` varchar(100) NOT NULL,
  PRIMARY KEY (`idtramo`)
) ENGINE=InnoDB DEFAULT CHARSET=latin1;

--
-- Volcado de datos para la tabla `tramo`
--

INSERT INTO `tramo` (`idtramo`, `referencia`) VALUES
('1', 'Tramo 007'),
('10', 'TRAMOOO 10'),
('2', 'Mi tramo 2'),
('3', 'Mi tramo3'),
('4', 'mi otro tramo'),
('5', 'asdfasdf'),
('6', 'Tramo 6'),
('7', 'Tramo 7'),
('8', 'Parada 40 xD'),
('9', 'Parada 41 xD');

/*!40101 SET CHARACTER_SET_CLIENT=@OLD_CHARACTER_SET_CLIENT */;
/*!40101 SET CHARACTER_SET_RESULTS=@OLD_CHARACTER_SET_RESULTS */;
/*!40101 SET COLLATION_CONNECTION=@OLD_COLLATION_CONNECTION */;
